﻿<?xml version="1.0" encoding="UTF-8"?>
<extension type="package" version="3.5" method="upgrade">
  <name>Slovenian (sl-SI)</name>
  <packagename>sl-SI</packagename>
  <version>3.5.1.1</version>
  <creationDate>2016-04-07</creationDate>
  <author>Chico</author>
  <authorEmail>chico@chico.si</authorEmail>
  <authorUrl>www.chico.si</authorUrl>
  <copyright>Copyright (C) 2005 - 2016 Open Source Matters, Vse pravice pridržane.</copyright>
	<license>http://www.gnu.org/licenses/gpl-2.0.html GNU/GPL</license>
	<url></url>
	<packager></packager>
	<packagerurl></packagerurl>
	<description><![CDATA[<div style="text-align:left;">
<h3>Celotni Slovenski prevod (sl-SI) za Joomla! 3.5., različica 3.5.0.1</h3>
</div>]]></description>
	<files>
		<file type="language" client="site" id="sl-SI">site_sl-SI.zip</file>
		<file type="language" client="administrator" id="sl-SI">admin_sl-SI.zip</file>
	</files>
	<updateservers>
		<server type="collection" priority="1" name="Accredited Joomla! Translations">http://update.joomla.org/language/translationlist_3.xml</server>
	</updateservers>
</extension>
