﻿<?xml version="1.0" encoding="utf-8"?>
<metafile
	version="3.5"
	client="installation">
	<name>Slovenian (Slovenia)</name>
	<version>3.5.1.1</version>
	<creationDate>2016-07-14</creationDate>
	<author>xhorizont.com</author>
    <authorEmail>info@xhorizont.com</authorEmail>
    <authorUrl>www.xhorizont.com</authorUrl>
	<copyright>Copyright (C) 2005 - 2016 Open Source Matters. Vse pravice pridržane.</copyright>
	<license>http://www.gnu.org/licenses/gpl-2.0.html GNU/GPL</license>
	<description>sl-SI jezik namestitve</description>
	<files>
		<filename>sl-SI.ini</filename>
	</files>
	<metadata>
		<name>Slovenian (Slovenia)</name>
		<tag>sl-SI</tag>
		<rtl>0</rtl>
	</metadata>
	<params />
</metafile>
