﻿<?xml version="1.0" encoding="utf-8"?>
<extension version="3.5" client="administrator" type="language" method="upgrade">
	<name>Slovenian (Slovenia)</name>
	<tag>sl-SI</tag>
	<version>3.5.1.1</version>
	<creationDate>2016-04-07</creationDate>
	<author>xhorizont.com</author>
	<authorEmail>info@xhorizont.com</authorEmail>
	<authorUrl>www.xhorizont.com</authorUrl>
	<copyright>Copyright (C) 2005 - 2016 Open Source Matters. Vse pravice pridržane.</copyright>
	<license>GNU General Public License version 2 or later; see LICENSE.txt</license>
	<description>sl-SI jezik skrbništva</description>
	<files>
		<filename>sl-SI.com_admin.ini</filename>
		<filename>sl-SI.com_admin.sys.ini</filename>
		<filename>sl-SI.com_ajax.ini</filename>
		<filename>sl-SI.com_ajax.sys.ini</filename>
		<filename>sl-SI.com_banners.ini</filename>
		<filename>sl-SI.com_banners.sys.ini</filename>
		<filename>sl-SI.com_cache.ini</filename>
		<filename>sl-SI.com_cache.sys.ini</filename>
		<filename>sl-SI.com_categories.ini</filename>
		<filename>sl-SI.com_categories.sys.ini</filename>
		<filename>sl-SI.com_checkin.ini</filename>
		<filename>sl-SI.com_checkin.sys.ini</filename>
		<filename>sl-SI.com_config.ini</filename>
		<filename>sl-SI.com_config.sys.ini</filename>
		<filename>sl-SI.com_contact.ini</filename>
		<filename>sl-SI.com_contact.sys.ini</filename>
		<filename>sl-SI.com_content.ini</filename>
		<filename>sl-SI.com_content.sys.ini</filename>
		<filename>sl-SI.com_contenthistory.ini</filename>
		<filename>sl-SI.com_contenthistory.sys.ini</filename>
		<filename>sl-SI.com_cpanel.ini</filename>
		<filename>sl-SI.com_cpanel.sys.ini</filename>
		<filename>sl-SI.com_finder.ini</filename>
		<filename>sl-SI.com_finder.sys.ini</filename>
		<filename>sl-SI.com_installer.ini</filename>
		<filename>sl-SI.com_installer.sys.ini</filename>
		<filename>sl-SI.com_joomlaupdate.ini</filename>
		<filename>sl-SI.com_joomlaupdate.sys.ini</filename>
		<filename>sl-SI.com_languages.ini</filename>
		<filename>sl-SI.com_languages.sys.ini</filename>
		<filename>sl-SI.com_login.ini</filename>
		<filename>sl-SI.com_login.sys.ini</filename>
		<filename>sl-SI.com_mailto.sys.ini</filename>
		<filename>sl-SI.com_media.ini</filename>
		<filename>sl-SI.com_media.sys.ini</filename>
		<filename>sl-SI.com_menus.ini</filename>
		<filename>sl-SI.com_menus.sys.ini</filename>
		<filename>sl-SI.com_messages.ini</filename>
		<filename>sl-SI.com_messages.sys.ini</filename>
		<filename>sl-SI.com_modules.ini</filename>
		<filename>sl-SI.com_modules.sys.ini</filename>
		<filename>sl-SI.com_newsfeeds.ini</filename>
		<filename>sl-SI.com_newsfeeds.sys.ini</filename>
		<filename>sl-SI.com_plugins.ini</filename>
		<filename>sl-SI.com_plugins.sys.ini</filename>
		<filename>sl-SI.com_postinstall.ini</filename>
		<filename>sl-SI.com_postinstall.sys.ini</filename>
		<filename>sl-SI.com_redirect.ini</filename>
		<filename>sl-SI.com_redirect.sys.ini</filename>
		<filename>sl-SI.com_search.ini</filename>
		<filename>sl-SI.com_search.sys.ini</filename>
		<filename>sl-SI.com_tags.ini</filename>
		<filename>sl-SI.com_tags.sys.ini</filename>
		<filename>sl-SI.com_templates.ini</filename>
		<filename>sl-SI.com_templates.sys.ini</filename>
		<filename>sl-SI.com_users.ini</filename>
		<filename>sl-SI.com_users.sys.ini</filename>
		<filename>sl-SI.com_weblinks.ini</filename>
		<filename>sl-SI.com_weblinks.sys.ini</filename>
		<filename>sl-SI.com_wrapper.ini</filename>
		<filename>sl-SI.com_wrapper.sys.ini</filename>
		<filename>sl-SI.ini</filename>
		<filename>sl-SI.lib_joomla.ini</filename>
		<filename>sl-SI.localise.php</filename>
		<filename>sl-SI.mod_custom.ini</filename>
		<filename>sl-SI.mod_custom.sys.ini</filename>
		<filename>sl-SI.mod_feed.ini</filename>
		<filename>sl-SI.mod_feed.sys.ini</filename>
		<filename>sl-SI.mod_latest.ini</filename>
		<filename>sl-SI.mod_latest.sys.ini</filename>
		<filename>sl-SI.mod_logged.ini</filename>
		<filename>sl-SI.mod_logged.sys.ini</filename>
		<filename>sl-SI.mod_login.ini</filename>
		<filename>sl-SI.mod_login.sys.ini</filename>
		<filename>sl-SI.mod_menu.ini</filename>
		<filename>sl-SI.mod_menu.sys.ini</filename>
		<filename>sl-SI.mod_multilangstatus.ini</filename>
		<filename>sl-SI.mod_multilangstatus.sys.ini</filename>
		<filename>sl-SI.mod_popular.ini</filename>
		<filename>sl-SI.mod_popular.sys.ini</filename>
		<filename>sl-SI.mod_quickicon.ini</filename>
		<filename>sl-SI.mod_quickicon.sys.ini</filename>
		<filename>sl-SI.mod_stats_admin.ini</filename>
		<filename>sl-SI.mod_stats_admin.sys.ini</filename>
		<filename>sl-SI.mod_status.ini</filename>
		<filename>sl-SI.mod_status.sys.ini</filename>
		<filename>sl-SI.mod_submenu.ini</filename>
		<filename>sl-SI.mod_submenu.sys.ini</filename>
		<filename>sl-SI.mod_title.ini</filename>
		<filename>sl-SI.mod_title.sys.ini</filename>
		<filename>sl-SI.mod_toolbar.ini</filename>
		<filename>sl-SI.mod_toolbar.sys.ini</filename>
		<filename>sl-SI.mod_version.ini</filename>
		<filename>sl-SI.mod_version.sys.ini</filename>
		<filename>sl-SI.plg_authentication_cookie.ini</filename>
		<filename>sl-SI.plg_authentication_cookie.sys.ini</filename>
		<filename>sl-SI.plg_authentication_gmail.ini</filename>
		<filename>sl-SI.plg_authentication_gmail.sys.ini</filename>
		<filename>sl-SI.plg_authentication_joomla.ini</filename>
		<filename>sl-SI.plg_authentication_joomla.sys.ini</filename>
		<filename>sl-SI.plg_authentication_ldap.ini</filename>
		<filename>sl-SI.plg_authentication_ldap.sys.ini</filename>
		<filename>sl-SI.plg_captcha_recaptcha.ini</filename>
		<filename>sl-SI.plg_captcha_recaptcha.sys.ini</filename>
		<filename>sl-SI.plg_content_contact.ini</filename>
		<filename>sl-SI.plg_content_contact.sys.ini</filename>
		<filename>sl-SI.plg_content_emailcloak.ini</filename>
		<filename>sl-SI.plg_content_emailcloak.sys.ini</filename>
		<filename>sl-SI.plg_content_finder.ini</filename>
		<filename>sl-SI.plg_content_finder.sys.ini</filename>
		<filename>sl-SI.plg_content_joomla.ini</filename>
		<filename>sl-SI.plg_content_joomla.sys.ini</filename>
		<filename>sl-SI.plg_content_loadmodule.ini</filename>
		<filename>sl-SI.plg_content_loadmodule.sys.ini</filename>
		<filename>sl-SI.plg_content_pagebreak.ini</filename>
		<filename>sl-SI.plg_content_pagebreak.sys.ini</filename>
		<filename>sl-SI.plg_content_pagenavigation.ini</filename>
		<filename>sl-SI.plg_content_pagenavigation.sys.ini</filename>
		<filename>sl-SI.plg_content_vote.ini</filename>
		<filename>sl-SI.plg_content_vote.sys.ini</filename>
		<filename>sl-SI.plg_editors_codemirror.ini</filename>
		<filename>sl-SI.plg_editors_codemirror.sys.ini</filename>
		<filename>sl-SI.plg_editors_none.ini</filename>
		<filename>sl-SI.plg_editors_none.sys.ini</filename>
		<filename>sl-SI.plg_editors_tinymce.ini</filename>
		<filename>sl-SI.plg_editors_tinymce.sys.ini</filename>
		<filename>sl-SI.plg_editors-xtd_article.ini</filename>
		<filename>sl-SI.plg_editors-xtd_article.sys.ini</filename>
		<filename>sl-SI.plg_editors-xtd_image.ini</filename>
		<filename>sl-SI.plg_editors-xtd_image.sys.ini</filename>
		<filename>sl-SI.plg_editors-xtd_module.ini</filename>
		<filename>sl-SI.plg_editors-xtd_module.sys.ini</filename>
		<filename>sl-SI.plg_editors-xtd_pagebreak.ini</filename>
		<filename>sl-SI.plg_editors-xtd_pagebreak.sys.ini</filename>
		<filename>sl-SI.plg_editors-xtd_readmore.ini</filename>
		<filename>sl-SI.plg_editors-xtd_readmore.sys.ini</filename>
		<filename>sl-SI.plg_extension_joomla.ini</filename>
		<filename>sl-SI.plg_extension_joomla.sys.ini</filename>
		<filename>sl-SI.plg_finder_categories.ini</filename>
		<filename>sl-SI.plg_finder_categories.sys.ini</filename>
		<filename>sl-SI.plg_finder_contacts.ini</filename>
		<filename>sl-SI.plg_finder_contacts.sys.ini</filename>
		<filename>sl-SI.plg_finder_content.ini</filename>
		<filename>sl-SI.plg_finder_content.sys.ini</filename>
		<filename>sl-SI.plg_finder_newsfeeds.ini</filename>
		<filename>sl-SI.plg_finder_newsfeeds.sys.ini</filename>
		<filename>sl-SI.plg_finder_tags.ini</filename>
		<filename>sl-SI.plg_finder_tags.sys.ini</filename>
		<filename>sl-SI.plg_finder_weblinks.ini</filename>
		<filename>sl-SI.plg_finder_weblinks.sys.ini</filename>
		<filename>sl-SI.plg_installer_webinstaller.ini</filename>
		<filename>sl-SI.plg_installer_webinstaller.sys.ini</filename>
		<filename>sl-SI.plg_quickicon_extensionupdate.ini</filename>
		<filename>sl-SI.plg_quickicon_extensionupdate.sys.ini</filename>
		<filename>sl-SI.plg_quickicon_joomlaupdate.ini</filename>
		<filename>sl-SI.plg_quickicon_joomlaupdate.sys.ini</filename>
		<filename>sl-SI.plg_search_categories.ini</filename>
		<filename>sl-SI.plg_search_categories.sys.ini</filename>
		<filename>sl-SI.plg_search_contacts.ini</filename>
		<filename>sl-SI.plg_search_contacts.sys.ini</filename>
		<filename>sl-SI.plg_search_content.ini</filename>
		<filename>sl-SI.plg_search_content.sys.ini</filename>
		<filename>sl-SI.plg_search_newsfeeds.ini</filename>
		<filename>sl-SI.plg_search_newsfeeds.sys.ini</filename>
		<filename>sl-SI.plg_search_tags.ini</filename>
		<filename>sl-SI.plg_search_tags.sys.ini</filename>
		<filename>sl-SI.plg_search_weblinks.ini</filename>
		<filename>sl-SI.plg_search_weblinks.sys.ini</filename>
		<filename>sl-SI.plg_system_cache.ini</filename>
		<filename>sl-SI.plg_system_cache.sys.ini</filename>
		<filename>sl-SI.plg_system_debug.ini</filename>
		<filename>sl-SI.plg_system_debug.sys.ini</filename>
		<filename>sl-SI.plg_system_highlight.ini</filename>
		<filename>sl-SI.plg_system_highlight.sys.ini</filename>
		<filename>sl-SI.plg_system_languagecode.ini</filename>
		<filename>sl-SI.plg_system_languagecode.sys.ini</filename>
		<filename>sl-SI.plg_system_languagefilter.ini</filename>
		<filename>sl-SI.plg_system_languagefilter.sys.ini</filename>
		<filename>sl-SI.plg_system_log.ini</filename>
		<filename>sl-SI.plg_system_log.sys.ini</filename>
		<filename>sl-SI.plg_system_logout.ini</filename>
		<filename>sl-SI.plg_system_logout.sys.ini</filename>
		<filename>sl-SI.plg_system_p3p.ini</filename>
		<filename>sl-SI.plg_system_p3p.sys.ini</filename>
		<filename>sl-SI.plg_system_redirect.ini</filename>
		<filename>sl-SI.plg_system_redirect.sys.ini</filename>
		<filename>sl-SI.plg_system_remember.ini</filename>
		<filename>sl-SI.plg_system_remember.sys.ini</filename>
		<filename>sl-SI.plg_system_sef.ini</filename>
		<filename>sl-SI.plg_system_sef.sys.ini</filename>
		<filename>sl-SI.plg_system_stats.ini</filename>
		<filename>sl-SI.plg_system_stats.sys.ini</filename>
		<filename>sl-SI.plg_system_updatenotification.ini</filename>
		<filename>sl-SI.plg_system_updatenotification.sys.ini</filename>
		<filename>sl-SI.plg_twofactorauth_totp.ini</filename>
		<filename>sl-SI.plg_twofactorauth_totp.sys.ini</filename>
		<filename>sl-SI.plg_twofactorauth_yubikey.ini</filename>
		<filename>sl-SI.plg_twofactorauth_yubikey.sys.ini</filename>
		<filename>sl-SI.plg_user_contactcreator.ini</filename>
		<filename>sl-SI.plg_user_contactcreator.sys.ini</filename>
		<filename>sl-SI.plg_user_joomla.ini</filename>
		<filename>sl-SI.plg_user_joomla.sys.ini</filename>
		<filename>sl-SI.plg_user_profile.ini</filename>
		<filename>sl-SI.plg_user_profile.sys.ini</filename>
		<filename>sl-SI.tpl_hathor.ini</filename>
		<filename>sl-SI.tpl_hathor.sys.ini</filename>
		<filename>sl-SI.tpl_isis.ini</filename>
		<filename>sl-SI.tpl_isis.sys.ini</filename>
		<filename file="meta">sl-SI.xml</filename>
		<filename file="meta">install.xml</filename>
	</files>
	<params />
</extension>
