﻿<?xml version="1.0" encoding="utf-8"?>
<metafile version="3.5" client="administrator">
	<name>Slovenian (sl-SI)</name>
	<version>3.5.1.1</version>
	<creationDate>2016-07-14</creationDate>
	<author>xhorizont.com</author>
	<authorEmail>info@xhorizont.com</authorEmail>
	<authorUrl>www.xhorizont.com</authorUrl>
	<copyright>Copyright (C) 2005 - 2016 Open Source Matters. Vse pravice pridržane.</copyright>
	<license>GNU General Public License version 2 or later; see LICENSE.txt</license>
	<description>sl-SI jezik skrbništva</description>
	<metadata>
		<name>Slovenian (sl-SI)</name>
		<tag>sl-SI</tag>
		<rtl>0</rtl>
		<locale>sl_SI.utf8, sl_SI.UTF-8, sl_SI, slo_SI, si, sl, SI, slovenia, slovenian, Slovenia</locale>
		<firstDay>0</firstDay>
		<weekEnd>0,6</weekEnd>
	</metadata>
	<params />
</metafile>
