﻿<?xml version="1.0" encoding="utf-8"?>
<extension version="3.5" client="site" type="language" method="upgrade">
	<name>Slovenian (Slovenia)</name>
	<tag>sl-SI</tag>
	<version>3.5.1.1</version>
	<creationDate>2016-07-14</creationDate>
	<author>xhorizont.com</author>
	<authorEmail>info@xhorizont.com</authorEmail>
	<authorUrl>www.xhorizont.com</authorUrl>
	<copyright>Copyright (C) 2005 - 2016 Open Source Matters. Vse pravice pridržane.</copyright>
	<license>GNU General Public License version 2 or later; see LICENSE.txt</license>
	<description>sl-SI jezik ospredja</description>
	<files>
		<filename>sl-SI.com_ajax.ini</filename>
		<filename>sl-SI.com_config.ini</filename>
		<filename>sl-SI.com_contact.ini</filename>
		<filename>sl-SI.com_content.ini</filename>
		<filename>sl-SI.com_finder.ini</filename>
		<filename>sl-SI.com_mailto.ini</filename>
		<filename>sl-SI.com_media.ini</filename>
		<filename>sl-SI.com_messages.ini</filename>
		<filename>sl-SI.com_newsfeeds.ini</filename>
		<filename>sl-SI.com_search.ini</filename>
		<filename>sl-SI.com_tags.ini</filename>
		<filename>sl-SI.com_users.ini</filename>
		<filename>sl-SI.com_weblinks.ini</filename>
		<filename>sl-SI.com_wrapper.ini</filename>
		<filename>sl-SI.files_joomla.sys.ini</filename>
		<filename>sl-SI.finder_cli.ini</filename>
		<filename>sl-SI.ini</filename>
		<filename>sl-SI.lib_fof.ini</filename>
		<filename>sl-SI.lib_fof.sys.ini</filename>
		<filename>sl-SI.lib_idna_convert.sys.ini</filename>
		<filename>sl-SI.lib_joomla.ini</filename>
		<filename>sl-SI.lib_joomla.sys.ini</filename>
		<filename>sl-SI.lib_phpass.sys.ini</filename>
		<filename>sl-SI.lib_phputf8.sys.ini</filename>
		<filename>sl-SI.lib_simplepie.sys.ini</filename>
		<filename>sl-SI.localise.php</filename>
		<filename>sl-SI.mod_articles_archive.ini</filename>
		<filename>sl-SI.mod_articles_archive.sys.ini</filename>
		<filename>sl-SI.mod_articles_categories.ini</filename>
		<filename>sl-SI.mod_articles_categories.sys.ini</filename>
		<filename>sl-SI.mod_articles_category.ini</filename>
		<filename>sl-SI.mod_articles_category.sys.ini</filename>
		<filename>sl-SI.mod_articles_latest.ini</filename>
		<filename>sl-SI.mod_articles_latest.sys.ini</filename>
		<filename>sl-SI.mod_articles_news.ini</filename>
		<filename>sl-SI.mod_articles_news.sys.ini</filename>
		<filename>sl-SI.mod_articles_popular.ini</filename>
		<filename>sl-SI.mod_articles_popular.sys.ini</filename>
		<filename>sl-SI.mod_banners.ini</filename>
		<filename>sl-SI.mod_banners.sys.ini</filename>
		<filename>sl-SI.mod_breadcrumbs.ini</filename>
		<filename>sl-SI.mod_breadcrumbs.sys.ini</filename>
		<filename>sl-SI.mod_custom.ini</filename>
		<filename>sl-SI.mod_custom.sys.ini</filename>
		<filename>sl-SI.mod_feed.ini</filename>
		<filename>sl-SI.mod_feed.sys.ini</filename>
		<filename>sl-SI.mod_finder.ini</filename>
		<filename>sl-SI.mod_finder.sys.ini</filename>
		<filename>sl-SI.mod_footer.ini</filename>
		<filename>sl-SI.mod_footer.sys.ini</filename>
		<filename>sl-SI.mod_languages.ini</filename>
		<filename>sl-SI.mod_languages.sys.ini</filename>
		<filename>sl-SI.mod_login.ini</filename>
		<filename>sl-SI.mod_login.sys.ini</filename>
		<filename>sl-SI.mod_menu.ini</filename>
		<filename>sl-SI.mod_menu.sys.ini</filename>
		<filename>sl-SI.mod_random_image.ini</filename>
		<filename>sl-SI.mod_random_image.sys.ini</filename>
		<filename>sl-SI.mod_related_items.ini</filename>
		<filename>sl-SI.mod_related_items.sys.ini</filename>
		<filename>sl-SI.mod_search.ini</filename>
		<filename>sl-SI.mod_search.sys.ini</filename>
		<filename>sl-SI.mod_stats.ini</filename>
		<filename>sl-SI.mod_stats.sys.ini</filename>
		<filename>sl-SI.mod_syndicate.ini</filename>
		<filename>sl-SI.mod_syndicate.sys.ini</filename>
		<filename>sl-SI.mod_tags_popular.ini</filename>
		<filename>sl-SI.mod_tags_popular.sys.ini</filename>
		<filename>sl-SI.mod_tags_similar.ini</filename>
		<filename>sl-SI.mod_tags_similar.sys.ini</filename>
		<filename>sl-SI.mod_users_latest.ini</filename>
		<filename>sl-SI.mod_users_latest.sys.ini</filename>
		<filename>sl-SI.mod_weblinks.ini</filename>
		<filename>sl-SI.mod_weblinks.sys.ini</filename>
		<filename>sl-SI.mod_whosonline.ini</filename>
		<filename>sl-SI.mod_whosonline.sys.ini</filename>
		<filename>sl-SI.mod_wrapper.ini</filename>
		<filename>sl-SI.mod_wrapper.sys.ini</filename>
		<filename>sl-SI.tpl_beez3.ini</filename>
		<filename>sl-SI.tpl_beez3.sys.ini</filename>
		<filename>sl-SI.tpl_protostar.ini</filename>
		<filename>sl-SI.tpl_protostar.sys.ini</filename>
		<filename file="meta">install.xml</filename>
		<filename file="meta">sl-SI.xml</filename>
	</files>
	<params />
</extension>
